{
  "per_model_totals": {
    "moonshotai.kimi-k2.5": {
      "in": 99676,
      "out": 8265,
      "calls": 121
    },
    "qwen.qwen3-235b-a22b-2507-v1:0": {
      "in": 4623309,
      "out": 66005,
      "calls": 640
    },
    "qwen.qwen3-32b-v1:0": {
      "in": 79509,
      "out": 5324,
      "calls": 83
    },
    "zai.glm-4.7": {
      "in": 128475,
      "out": 6241,
      "calls": 142
    }
  },
  "total_usd": 1.1075692,
  "per_scenario_usd": {
    "hr_0151": 0.03853655,
    "hr_0152": 0.00020800000000000001,
    "hr_0153": 0.01028565,
    "hr_0154": 0.0504621,
    "hr_0155": 0.01564925,
    "hr_0156": 0.0275525,
    "hr_0157": 0.01165975,
    "hr_0158": 0.0201197,
    "hr_0159": 0.0183486,
    "hr_0160": 0.025540200000000002,
    "hr_0161": 0.008723850000000002,
    "hr_0162": 0.0034962000000000005,
    "hr_0163": 0.01160575,
    "hr_0164": 0.0254806,
    "hr_0165": 0.02382495,
    "hr_0166": 0.0186624,
    "hr_0167": 0.029466549999999998,
    "hr_0168": 0.033008300000000004,
    "hr_0169": 0.00726895,
    "hr_0170": 0.0034099000000000004,
    "hr_0171": 0.022035100000000005,
    "hr_0172": 0.0098326,
    "hr_0173": 0.13972795000000002,
    "hr_0174": 0.0170248,
    "hr_0175": 0.0683845,
    "hr_0176": 0.012729400000000002,
    "hr_0177": 0.017338350000000002,
    "hr_0178": 0.0286642,
    "hr_0179": 0.024620100000000006,
    "hr_0180": 0.0096775,
    "hr_0181": 0.01206505,
    "hr_0182": 0.0121264,
    "hr_0183": 0.025205000000000005,
    "hr_0184": 0.0002035,
    "hr_0185": 0.0174389,
    "hr_0186": 0.020413800000000003,
    "hr_0187": 0.0340354,
    "hr_0188": 0.0114632,
    "hr_0189": 0.0310619,
    "hr_0190": 0.023358200000000003,
    "hr_0191": 0.030998200000000004,
    "hr_0192": 0.0697528,
    "hr_0193": 0.007891200000000001,
    "hr_0194": 0.004882000000000001,
    "hr_0195": 0.024343550000000002,
    "hr_0196": 0.014002300000000002,
    "hr_0197": 0.00416235,
    "hr_0198": 0.018260600000000002,
    "hr_0199": 0.007061100000000001,
    "hr_0200": 0.005499500000000001
  },
  "scenarios_run": 50,
  "scenarios_completed": 45,
  "extrapolation": {
    "mean_usd_per_scenario": 0.02047144111111112,
    "projected_200_usd": 4.094288222222224,
    "cap_usd": 45.0,
    "within_cap": true
  }
}