{
  "per_model_totals": {
    "moonshotai.kimi-k2.5": {
      "in": 364657,
      "out": 27533,
      "calls": 389
    },
    "qwen.qwen3-235b-a22b-2507-v1:0": {
      "in": 13486522,
      "out": 205764,
      "calls": 1874
    },
    "zai.glm-4.7": {
      "in": 378189,
      "out": 18165,
      "calls": 424
    },
    "qwen.qwen3-32b-v1:0": {
      "in": 147928,
      "out": 9499,
      "calls": 154
    }
  },
  "total_usd": 3.2780623500000003,
  "per_scenario_usd": {
    "hr_0001": 0.0026555,
    "hr_0002": 0.062086800000000004,
    "hr_0003": 0.00427575,
    "hr_0004": 0.021170599999999998,
    "hr_0005": 0.0242371,
    "hr_0006": 0.025610900000000002,
    "hr_0007": 0.03651625,
    "hr_0008": 0.005790000000000001,
    "hr_0009": 0.004030000000000001,
    "hr_0010": 0.020513299999999998,
    "hr_0011": 0.00560475,
    "hr_0012": 0.0244772,
    "hr_0013": 0.07212075000000001,
    "hr_0014": 0.028317600000000002,
    "hr_0015": 0.038594350000000006,
    "hr_0016": 0.0379665,
    "hr_0017": 0.027575650000000004,
    "hr_0018": 0.028016600000000003,
    "hr_0019": 0.02085435,
    "hr_0020": 0.0414627,
    "hr_0021": 0.005977650000000001,
    "hr_0022": 0.020910300000000003,
    "hr_0023": 0.00267605,
    "hr_0024": 0.004654800000000001,
    "hr_0025": 0.02079655,
    "hr_0026": 0.0247755,
    "hr_0027": 0.0455843,
    "hr_0028": 0.00020800000000000001,
    "hr_0029": 0.08744914999999999,
    "hr_0030": 0.024325900000000004,
    "hr_0031": 0.05180855,
    "hr_0032": 0.019702300000000002,
    "hr_0033": 0.0797124,
    "hr_0034": 0.0668547,
    "hr_0035": 0.0071041,
    "hr_0036": 0.027619300000000003,
    "hr_0037": 0.02022355,
    "hr_0038": 0.0211679,
    "hr_0039": 0.0041308000000000004,
    "hr_0040": 0.0094653,
    "hr_0041": 0.0166034,
    "hr_0042": 0.0584235,
    "hr_0043": 0.007698450000000001,
    "hr_0044": 0.00020200000000000003,
    "hr_0045": 0.031939050000000004,
    "hr_0046": 0.0426485,
    "hr_0047": 0.0088856,
    "hr_0048": 0.0211623,
    "hr_0049": 0.00588085,
    "hr_0050": 0.018571700000000003,
    "hr_0051": 0.041794849999999995,
    "hr_0052": 0.026632700000000002,
    "hr_0053": 0.030412600000000005,
    "hr_0054": 0.038074300000000005,
    "hr_0055": 0.036973450000000005,
    "hr_0056": 0.035599900000000004,
    "hr_0057": 0.033643349999999995,
    "hr_0058": 0.00020800000000000001,
    "hr_0059": 0.01770305,
    "hr_0060": 0.0132824,
    "hr_0061": 0.034979449999999995,
    "hr_0062": 0.016177,
    "hr_0063": 0.007082150000000001,
    "hr_0064": 0.0160499,
    "hr_0065": 0.0256298,
    "hr_0066": 0.0127981,
    "hr_0067": 0.05259149999999999,
    "hr_0068": 0.013550000000000001,
    "hr_0069": 0.0026405000000000005,
    "hr_0070": 0.025707300000000002,
    "hr_0071": 0.04563245,
    "hr_0072": 0.0240962,
    "hr_0073": 0.0038862000000000002,
    "hr_0074": 0.0034899000000000006,
    "hr_0075": 0.0202459,
    "hr_0076": 0.045425200000000006,
    "hr_0077": 0.018694249999999996,
    "hr_0078": 0.0049369,
    "hr_0079": 0.019139850000000003,
    "hr_0080": 0.00019920000000000002,
    "hr_0081": 0.017540700000000003,
    "hr_0082": 0.0122544,
    "hr_0083": 0.009666949999999999,
    "hr_0084": 0.0274573,
    "hr_0085": 0.0224895,
    "hr_0086": 0.0095137,
    "hr_0087": 0.004035050000000001,
    "hr_0088": 0.013298,
    "hr_0089": 0.004175150000000001,
    "hr_0090": 0.00021250000000000002,
    "hr_0091": 0.015247150000000001,
    "hr_0092": 0.023556999999999998,
    "hr_0093": 0.03024025,
    "hr_0094": 0.016408000000000002,
    "hr_0095": 0.0390888,
    "hr_0096": 0.005270800000000001,
    "hr_0097": 0.02368585,
    "hr_0098": 0.021249200000000003,
    "hr_0099": 0.02813315,
    "hr_0100": 0.0002035,
    "hr_0101": 0.00593605,
    "hr_0102": 0.0021622000000000004,
    "hr_0103": 0.0053596,
    "hr_0104": 0.0002035,
    "hr_0105": 0.04195415,
    "hr_0106": 0.0314516,
    "hr_0107": 0.05461945,
    "hr_0108": 0.026740399999999998,
    "hr_0109": 0.0149957,
    "hr_0110": 0.012726800000000002,
    "hr_0111": 0.015122350000000001,
    "hr_0112": 0.0214296,
    "hr_0113": 0.047601950000000004,
    "hr_0114": 0.0113842,
    "hr_0115": 0.022247950000000002,
    "hr_0116": 0.016735700000000003,
    "hr_0117": 0.014568600000000001,
    "hr_0118": 0.0021604000000000003,
    "hr_0119": 0.02107465,
    "hr_0120": 0.023430100000000002,
    "hr_0121": 0.010599700000000002,
    "hr_0122": 0.031068500000000002,
    "hr_0123": 0.024600300000000002,
    "hr_0124": 0.010395999999999999,
    "hr_0125": 0.020670450000000003,
    "hr_0126": 0.0165243,
    "hr_0127": 0.01838155,
    "hr_0128": 0.0330252,
    "hr_0129": 0.06589215,
    "hr_0130": 0.0139211,
    "hr_0131": 0.01493115,
    "hr_0132": 0.00020500000000000002,
    "hr_0133": 0.022635100000000005,
    "hr_0134": 0.029252200000000003,
    "hr_0135": 0.0053119000000000005,
    "hr_0136": 0.0159559,
    "hr_0137": 0.0154033,
    "hr_0138": 0.0272604,
    "hr_0139": 0.01387695,
    "hr_0140": 0.014754900000000001,
    "hr_0141": 0.0069614,
    "hr_0142": 0.0216369,
    "hr_0143": 0.0026001,
    "hr_0144": 0.04795440000000001,
    "hr_0145": 0.011738450000000003,
    "hr_0146": 0.0404147,
    "hr_0147": 0.01969315,
    "hr_0148": 0.027281000000000003,
    "hr_0149": 0.018308750000000002,
    "hr_0150": 0.004860100000000001
  },
  "scenarios_run": 150,
  "scenarios_completed": 140,
  "extrapolation": {
    "mean_usd_per_scenario": 0.022904573928571426,
    "projected_200_usd": 4.580914785714285,
    "cap_usd": 45.0,
    "within_cap": true
  }
}