{
  "per_model_totals": {
    "moonshotai.kimi-k2.5": {
      "in": 488269,
      "out": 34123,
      "calls": 483
    },
    "qwen.qwen3-32b-v1:0": {
      "in": 12654810,
      "out": 211906,
      "calls": 1923
    },
    "zai.glm-4.7": {
      "in": 429825,
      "out": 20006,
      "calls": 471
    }
  },
  "total_usd": 1.8746103500000002,
  "per_scenario_usd": {
    "hr_0001": 0.0019502000000000002,
    "hr_0002": 0.018436400000000002,
    "hr_0003": 0.00456375,
    "hr_0004": 0.0159049,
    "hr_0005": 0.030773999999999996,
    "hr_0006": 0.010345400000000001,
    "hr_0007": 0.016874950000000003,
    "hr_0008": 0.0066715,
    "hr_0009": 0.0033375,
    "hr_0010": 0.0141903,
    "hr_0011": 0.00032945,
    "hr_0012": 0.0183233,
    "hr_0013": 0.03587415,
    "hr_0014": 0.012095900000000001,
    "hr_0015": 0.0360846,
    "hr_0016": 0.0108502,
    "hr_0017": 0.011409350000000002,
    "hr_0018": 0.0316151,
    "hr_0019": 0.00980225,
    "hr_0020": 0.0107521,
    "hr_0021": 0.017291550000000003,
    "hr_0022": 0.0118569,
    "hr_0023": 0.0018997000000000003,
    "hr_0024": 0.0021847000000000004,
    "hr_0025": 0.00821025,
    "hr_0026": 0.0056085,
    "hr_0027": 0.03652375000000001,
    "hr_0028": 0.0031476,
    "hr_0029": 0.04032405,
    "hr_0030": 0.0106718,
    "hr_0031": 0.022506900000000003,
    "hr_0032": 0.0124921,
    "hr_0033": 0.011806249999999999,
    "hr_0034": 0.0260521,
    "hr_0035": 0.0034878500000000002,
    "hr_0036": 0.0342893,
    "hr_0037": 0.012897650000000002,
    "hr_0038": 0.0099813,
    "hr_0039": 0.0032840000000000005,
    "hr_0040": 0.0029841,
    "hr_0041": 0.005415650000000001,
    "hr_0042": 0.0111559,
    "hr_0043": 0.004905250000000001,
    "hr_0044": 0.00019750000000000003,
    "hr_0045": 0.009807350000000001,
    "hr_0046": 0.0165981,
    "hr_0047": 0.021898849999999997,
    "hr_0048": 0.0110577,
    "hr_0049": 0.0036395000000000004,
    "hr_0050": 0.011732200000000002,
    "hr_0051": 0.013545050000000001,
    "hr_0052": 0.0163836,
    "hr_0053": 0.0118685,
    "hr_0054": 0.0250716,
    "hr_0055": 0.013487200000000001,
    "hr_0056": 0.016651100000000002,
    "hr_0057": 0.01228685,
    "hr_0058": 0.00020500000000000002,
    "hr_0059": 0.012141450000000002,
    "hr_0060": 0.0064653,
    "hr_0061": 0.01096445,
    "hr_0062": 0.0115971,
    "hr_0063": 0.00725555,
    "hr_0064": 0.0090049,
    "hr_0065": 0.014843799999999999,
    "hr_0066": 0.017032699999999998,
    "hr_0067": 0.0149934,
    "hr_0068": 0.012338700000000001,
    "hr_0069": 0.026139050000000004,
    "hr_0070": 0.0059629999999999996,
    "hr_0071": 0.01270475,
    "hr_0072": 0.0143357,
    "hr_0073": 0.00556485,
    "hr_0074": 0.004361100000000001,
    "hr_0075": 0.028201700000000003,
    "hr_0076": 0.0229697,
    "hr_0077": 0.00977455,
    "hr_0078": 0.0021838,
    "hr_0079": 0.016432500000000003,
    "hr_0080": 0.0059135,
    "hr_0081": 0.01337085,
    "hr_0082": 0.003859800000000001,
    "hr_0083": 0.0028501999999999998,
    "hr_0084": 0.010930299999999999,
    "hr_0085": 0.0181124,
    "hr_0086": 0.0050603,
    "hr_0087": 0.0028476,
    "hr_0088": 0.0069484,
    "hr_0089": 0.009352200000000001,
    "hr_0090": 0.00020950000000000002,
    "hr_0091": 0.00860925,
    "hr_0092": 0.013495800000000002,
    "hr_0093": 0.02297445,
    "hr_0094": 0.0055592,
    "hr_0095": 0.02451155,
    "hr_0096": 0.0042691000000000005,
    "hr_0097": 0.005491850000000001,
    "hr_0098": 0.0131994,
    "hr_0099": 0.009964250000000001,
    "hr_0100": 0.00020950000000000002,
    "hr_0101": 0.00271155,
    "hr_0102": 0.0015113000000000001,
    "hr_0103": 0.0099606,
    "hr_0104": 0.0002035,
    "hr_0105": 0.01937975,
    "hr_0106": 0.0105444,
    "hr_0107": 0.03410565,
    "hr_0108": 0.007556100000000001,
    "hr_0109": 0.014080550000000002,
    "hr_0110": 0.0067978,
    "hr_0111": 0.007976200000000001,
    "hr_0112": 0.0070890000000000016,
    "hr_0113": 0.034729750000000004,
    "hr_0114": 0.0060048,
    "hr_0115": 0.01237865,
    "hr_0116": 0.0130538,
    "hr_0117": 0.01354005,
    "hr_0118": 0.0022627000000000003,
    "hr_0119": 0.00960005,
    "hr_0120": 0.0119544,
    "hr_0121": 0.0094453,
    "hr_0122": 0.0264987,
    "hr_0123": 0.00336005,
    "hr_0124": 0.0021381,
    "hr_0125": 0.006002050000000001,
    "hr_0126": 0.0245142,
    "hr_0127": 0.01055115,
    "hr_0128": 0.020966900000000004,
    "hr_0129": 0.023923200000000002,
    "hr_0130": 0.014425300000000002,
    "hr_0131": 0.01084245,
    "hr_0132": 0.0002035,
    "hr_0133": 0.013092,
    "hr_0134": 0.0101697,
    "hr_0135": 0.00906325,
    "hr_0136": 0.0167581,
    "hr_0137": 0.0237562,
    "hr_0138": 0.0082577,
    "hr_0139": 0.015627750000000003,
    "hr_0140": 0.0095986,
    "hr_0141": 0.017796850000000003,
    "hr_0142": 0.012469400000000002,
    "hr_0143": 0.00632375,
    "hr_0144": 0.04694740000000001,
    "hr_0145": 0.00529995,
    "hr_0146": 0.030345999999999998,
    "hr_0147": 0.0044646500000000006,
    "hr_0148": 0.016691900000000003,
    "hr_0149": 0.010920450000000002,
    "hr_0150": 0.0021152000000000002
  },
  "scenarios_run": 150,
  "scenarios_completed": 143,
  "extrapolation": {
    "mean_usd_per_scenario": 0.01309826853146853,
    "projected_200_usd": 2.619653706293706,
    "cap_usd": 45.0,
    "within_cap": true
  }
}