{
  "per_model_totals": {
    "moonshotai.kimi-k2.5": {
      "in": 403490,
      "out": 28879,
      "calls": 411
    },
    "qwen.qwen3-235b-a22b-2507-v1:0": {
      "in": 14108542,
      "out": 214530,
      "calls": 1976
    },
    "qwen.qwen3-32b-v1:0": {
      "in": 145623,
      "out": 9314,
      "calls": 152
    },
    "zai.glm-4.7": {
      "in": 437194,
      "out": 19669,
      "calls": 465
    }
  },
  "total_usd": 3.4576173000000003,
  "per_scenario_usd": {
    "hr_0001": 0.02011305,
    "hr_0002": 0.08708679999999999,
    "hr_0003": 0.005276950000000001,
    "hr_0004": 0.020505499999999996,
    "hr_0005": 0.0857317,
    "hr_0006": 0.039466100000000004,
    "hr_0007": 0.01715635,
    "hr_0008": 0.0070208,
    "hr_0009": 0.029173700000000004,
    "hr_0010": 0.032689,
    "hr_0011": 0.01236445,
    "hr_0012": 0.0290727,
    "hr_0013": 0.04040955,
    "hr_0014": 0.018223800000000002,
    "hr_0015": 0.0726681,
    "hr_0016": 0.04008020000000001,
    "hr_0017": 0.02783555,
    "hr_0018": 0.041466199999999995,
    "hr_0019": 0.022757650000000004,
    "hr_0020": 0.0159706,
    "hr_0021": 0.006030500000000001,
    "hr_0022": 0.0265017,
    "hr_0023": 0.0025575500000000004,
    "hr_0024": 0.0024652,
    "hr_0025": 0.03299995,
    "hr_0026": 0.0205264,
    "hr_0027": 0.05700245000000001,
    "hr_0028": 0.005468300000000001,
    "hr_0029": 0.00231755,
    "hr_0030": 0.021928,
    "hr_0031": 0.07853275000000001,
    "hr_0032": 0.0192353,
    "hr_0033": 0.05581025,
    "hr_0034": 0.09490370000000001,
    "hr_0035": 0.01313175,
    "hr_0036": 0.07332759999999999,
    "hr_0037": 0.02044325,
    "hr_0038": 0.041537899999999996,
    "hr_0039": 0.004036550000000001,
    "hr_0040": 0.0060651,
    "hr_0041": 0.0223877,
    "hr_0042": 0.0228937,
    "hr_0043": 0.007729850000000001,
    "hr_0044": 0.00022000000000000003,
    "hr_0045": 0.018790850000000005,
    "hr_0046": 0.0342934,
    "hr_0047": 0.0286976,
    "hr_0048": 0.0348211,
    "hr_0049": 0.00595185,
    "hr_0050": 0.029573000000000002,
    "hr_0051": 0.00759015,
    "hr_0052": 0.0134483,
    "hr_0053": 0.031032650000000002,
    "hr_0054": 0.0558772,
    "hr_0055": 0.01139895,
    "hr_0056": 0.0352982,
    "hr_0057": 0.017656050000000003,
    "hr_0058": 0.00021400000000000002,
    "hr_0059": 0.01050405,
    "hr_0060": 0.016118700000000003,
    "hr_0061": 0.022273249999999998,
    "hr_0062": 0.0062770000000000005,
    "hr_0063": 0.024448949999999997,
    "hr_0064": 0.0206344,
    "hr_0065": 0.03394355,
    "hr_0066": 0.0084235,
    "hr_0067": 0.0160017,
    "hr_0068": 0.0168836,
    "hr_0069": 0.0026728500000000005,
    "hr_0070": 0.0252162,
    "hr_0071": 0.023890050000000003,
    "hr_0072": 0.017719699999999998,
    "hr_0073": 0.007124350000000001,
    "hr_0074": 0.004810699999999999,
    "hr_0075": 0.0014475500000000001,
    "hr_0076": 0.048521100000000005,
    "hr_0077": 0.008186950000000002,
    "hr_0078": 0.0049256000000000005,
    "hr_0079": 0.009764049999999998,
    "hr_0080": 0.0128606,
    "hr_0081": 0.024896199999999997,
    "hr_0082": 0.0148531,
    "hr_0083": 0.0026595000000000004,
    "hr_0084": 0.025821900000000002,
    "hr_0085": 0.024464800000000002,
    "hr_0086": 0.012745700000000002,
    "hr_0087": 0.009168250000000001,
    "hr_0088": 0.011084500000000002,
    "hr_0089": 0.005552850000000001,
    "hr_0090": 0.00022000000000000003,
    "hr_0091": 0.01419305,
    "hr_0092": 0.025733600000000002,
    "hr_0093": 0.061585850000000004,
    "hr_0094": 0.0063184999999999995,
    "hr_0095": 0.06292585,
    "hr_0096": 0.040576100000000004,
    "hr_0097": 0.05912235,
    "hr_0098": 0.0270239,
    "hr_0099": 0.02206765,
    "hr_0100": 0.00021700000000000002,
    "hr_0101": 0.0060954,
    "hr_0102": 0.0021908000000000006,
    "hr_0103": 0.0056661,
    "hr_0104": 0.000199,
    "hr_0105": 0.06020655,
    "hr_0106": 0.0722061,
    "hr_0107": 0.02240785,
    "hr_0108": 0.012074699999999999,
    "hr_0109": 0.028523500000000004,
    "hr_0110": 0.012756900000000002,
    "hr_0111": 0.007806500000000001,
    "hr_0112": 0.0167701,
    "hr_0113": 0.015402050000000002,
    "hr_0114": 0.0185671,
    "hr_0115": 0.01501375,
    "hr_0116": 0.0298968,
    "hr_0117": 0.0118616,
    "hr_0118": 0.0021352000000000003,
    "hr_0119": 0.01762895,
    "hr_0120": 0.0246099,
    "hr_0121": 0.0163241,
    "hr_0122": 0.028022599999999998,
    "hr_0123": 0.0071584,
    "hr_0124": 0.004910600000000001,
    "hr_0125": 0.044603750000000005,
    "hr_0126": 0.0433163,
    "hr_0127": 0.017005850000000003,
    "hr_0128": 0.0481245,
    "hr_0129": 0.0221298,
    "hr_0130": 0.0269933,
    "hr_0131": 0.028650250000000002,
    "hr_0132": 0.00020800000000000001,
    "hr_0133": 0.020249200000000002,
    "hr_0134": 0.020358500000000005,
    "hr_0135": 0.031555650000000005,
    "hr_0136": 0.0201308,
    "hr_0137": 0.049490250000000006,
    "hr_0138": 0.011356200000000002,
    "hr_0139": 0.027274600000000006,
    "hr_0140": 0.0034351,
    "hr_0141": 0.013392850000000001,
    "hr_0142": 0.0112858,
    "hr_0143": 0.0026117000000000007,
    "hr_0144": 0.0401841,
    "hr_0145": 0.008461650000000001,
    "hr_0146": 0.037195500000000006,
    "hr_0147": 0.006716350000000001,
    "hr_0148": 0.030756600000000002,
    "hr_0149": 0.02203915,
    "hr_0150": 0.010012900000000002
  },
  "scenarios_run": 150,
  "scenarios_completed": 140,
  "extrapolation": {
    "mean_usd_per_scenario": 0.023808894999999997,
    "projected_200_usd": 4.761778999999999,
    "cap_usd": 45.0,
    "within_cap": true
  }
}