{
  "per_model_totals": {
    "moonshotai.kimi-k2.5": {
      "in": 116895,
      "out": 9015,
      "calls": 129
    },
    "qwen.qwen3-235b-a22b-2507-v1:0": {
      "in": 4910515,
      "out": 72270,
      "calls": 632
    },
    "qwen.qwen3-32b-v1:0": {
      "in": 43162,
      "out": 3362,
      "calls": 45
    },
    "zai.glm-4.7": {
      "in": 130786,
      "out": 6505,
      "calls": 142
    }
  },
  "total_usd": 1.17698695,
  "per_scenario_usd": {
    "hr_0151": 0.0155513,
    "hr_0152": 0.0002035,
    "hr_0153": 0.0099214,
    "hr_0154": 0.0450643,
    "hr_0155": 0.03389695,
    "hr_0156": 0.035726900000000006,
    "hr_0157": 0.015606950000000003,
    "hr_0158": 0.016333300000000002,
    "hr_0159": 0.0214239,
    "hr_0160": 0.031790000000000006,
    "hr_0161": 0.007997750000000001,
    "hr_0162": 0.010814899999999999,
    "hr_0163": 0.042043950000000004,
    "hr_0164": 0.0038252000000000004,
    "hr_0165": 0.008928400000000001,
    "hr_0166": 0.04322440000000001,
    "hr_0167": 0.06547205,
    "hr_0168": 0.005527400000000001,
    "hr_0169": 0.00405,
    "hr_0170": 0.012719100000000002,
    "hr_0171": 0.012464900000000001,
    "hr_0172": 0.0062608,
    "hr_0173": 0.0453194,
    "hr_0174": 0.005493,
    "hr_0175": 0.16237525000000003,
    "hr_0176": 0.016419299999999998,
    "hr_0177": 0.026301600000000005,
    "hr_0178": 0.039839700000000006,
    "hr_0179": 0.0164961,
    "hr_0180": 0.014850900000000002,
    "hr_0181": 0.01472755,
    "hr_0182": 0.0039294,
    "hr_0183": 0.029152800000000003,
    "hr_0184": 0.008343699999999999,
    "hr_0185": 0.014989450000000001,
    "hr_0186": 0.0184453,
    "hr_0187": 0.026178550000000002,
    "hr_0188": 0.0289301,
    "hr_0189": 0.0053319,
    "hr_0190": 0.023358000000000004,
    "hr_0191": 0.02688075,
    "hr_0192": 0.0615964,
    "hr_0193": 0.04185885,
    "hr_0194": 0.004997200000000001,
    "hr_0195": 0.024881550000000002,
    "hr_0196": 0.0299279,
    "hr_0197": 0.00780515,
    "hr_0198": 0.021880699999999996,
    "hr_0199": 0.004456400000000001,
    "hr_0200": 0.0033727
  },
  "scenarios_run": 50,
  "scenarios_completed": 46,
  "extrapolation": {
    "mean_usd_per_scenario": 0.025023859782608692,
    "projected_200_usd": 5.004771956521738,
    "cap_usd": 45.0,
    "within_cap": true
  }
}