{
  "per_model_totals": {
    "moonshotai.kimi-k2.5": {
      "in": 134230,
      "out": 9779,
      "calls": 144
    },
    "qwen.qwen3-32b-v1:0": {
      "in": 4912446,
      "out": 71967,
      "calls": 668
    },
    "zai.glm-4.7": {
      "in": 180821,
      "out": 8080,
      "calls": 178
    }
  },
  "total_usd": 0.6926234,
  "per_scenario_usd": {
    "hr_0151": 0.00732485,
    "hr_0152": 0.0002035,
    "hr_0153": 0.0121194,
    "hr_0154": 0.024841099999999998,
    "hr_0155": 0.004854249999999999,
    "hr_0156": 0.038312500000000006,
    "hr_0157": 0.00744885,
    "hr_0158": 0.006867600000000001,
    "hr_0159": 0.0125933,
    "hr_0160": 0.0079665,
    "hr_0161": 0.0049489,
    "hr_0162": 0.0147714,
    "hr_0163": 0.01091625,
    "hr_0164": 0.029518700000000002,
    "hr_0165": 0.0065804,
    "hr_0166": 0.0199646,
    "hr_0167": 0.00705125,
    "hr_0168": 0.0173363,
    "hr_0169": 0.0026843,
    "hr_0170": 0.021300200000000002,
    "hr_0171": 0.0094678,
    "hr_0172": 0.007526000000000001,
    "hr_0173": 0.01255005,
    "hr_0174": 0.0091137,
    "hr_0175": 0.02121695,
    "hr_0176": 0.0095587,
    "hr_0177": 0.02100045,
    "hr_0178": 0.0113458,
    "hr_0179": 0.009143100000000001,
    "hr_0180": 0.0065047,
    "hr_0181": 0.00969935,
    "hr_0182": 0.0103556,
    "hr_0183": 0.012482799999999999,
    "hr_0184": 0.00022000000000000003,
    "hr_0185": 0.01376515,
    "hr_0186": 0.0228693,
    "hr_0187": 0.0175156,
    "hr_0188": 0.009164000000000002,
    "hr_0189": 0.0034524,
    "hr_0190": 0.0110419,
    "hr_0191": 0.1180839,
    "hr_0192": 0.02135,
    "hr_0193": 0.007286200000000001,
    "hr_0194": 0.0021614000000000004,
    "hr_0195": 0.015383650000000002,
    "hr_0196": 0.0152096,
    "hr_0197": 0.006829150000000001,
    "hr_0198": 0.0170627,
    "hr_0199": 0.0034661,
    "hr_0200": 0.0001932
  },
  "scenarios_run": 50,
  "scenarios_completed": 47,
  "extrapolation": {
    "mean_usd_per_scenario": 0.014723546808510637,
    "projected_200_usd": 2.9447093617021274,
    "cap_usd": 45.0,
    "within_cap": true
  }
}