{
  "per_model_totals": {
    "moonshotai.kimi-k2.5": {
      "in": 460630,
      "out": 33257,
      "calls": 465
    },
    "qwen.qwen3-32b-v1:0": {
      "in": 12219500,
      "out": 194564,
      "calls": 1900
    },
    "zai.glm-4.7": {
      "in": 443371,
      "out": 20120,
      "calls": 479
    }
  },
  "total_usd": 1.8143595000000001,
  "per_scenario_usd": {
    "hr_0001": 0.005464750000000001,
    "hr_0002": 0.020605700000000005,
    "hr_0003": 0.0032719999999999997,
    "hr_0004": 0.010196400000000001,
    "hr_0005": 0.010177100000000001,
    "hr_0006": 0.010406500000000003,
    "hr_0007": 0.016203949999999998,
    "hr_0008": 0.005693299999999999,
    "hr_0009": 0.00255385,
    "hr_0010": 0.0097532,
    "hr_0011": 0.01135575,
    "hr_0012": 0.0215499,
    "hr_0013": 0.027463500000000005,
    "hr_0014": 0.0099264,
    "hr_0015": 0.0330024,
    "hr_0016": 0.0131509,
    "hr_0017": 0.01211885,
    "hr_0018": 0.0241001,
    "hr_0019": 0.00862285,
    "hr_0020": 0.0122595,
    "hr_0021": 0.0036921500000000004,
    "hr_0022": 0.0087912,
    "hr_0023": 0.003889,
    "hr_0024": 0.0022797,
    "hr_0025": 0.009304550000000002,
    "hr_0026": 0.008826,
    "hr_0027": 0.02045135,
    "hr_0028": 0.0031351,
    "hr_0029": 0.03255035,
    "hr_0030": 0.0105515,
    "hr_0031": 0.03199655,
    "hr_0032": 0.0099858,
    "hr_0033": 0.020912399999999998,
    "hr_0034": 0.025364400000000002,
    "hr_0035": 0.0071722999999999995,
    "hr_0036": 0.0342827,
    "hr_0037": 0.009640100000000002,
    "hr_0038": 0.006924900000000001,
    "hr_0039": 0.00329175,
    "hr_0040": 0.0029696,
    "hr_0041": 0.008758400000000001,
    "hr_0042": 0.0100839,
    "hr_0043": 0.006702050000000001,
    "hr_0044": 0.0002035,
    "hr_0045": 0.00987395,
    "hr_0046": 0.015124000000000002,
    "hr_0047": 0.022930950000000002,
    "hr_0048": 0.0099693,
    "hr_0049": 0.0035918,
    "hr_0050": 0.0086812,
    "hr_0051": 0.025905650000000002,
    "hr_0052": 0.0137745,
    "hr_0053": 0.0123324,
    "hr_0054": 0.017938799999999998,
    "hr_0055": 0.0053269500000000004,
    "hr_0056": 0.0185684,
    "hr_0057": 0.00910985,
    "hr_0058": 0.00022150000000000002,
    "hr_0059": 0.00902505,
    "hr_0060": 0.00727,
    "hr_0061": 0.012230149999999999,
    "hr_0062": 0.008640900000000002,
    "hr_0063": 0.00350315,
    "hr_0064": 0.010358299999999999,
    "hr_0065": 0.03780975,
    "hr_0066": 0.005855,
    "hr_0067": 0.0111499,
    "hr_0068": 0.0093202,
    "hr_0069": 0.03559975,
    "hr_0070": 0.010222899999999998,
    "hr_0071": 0.00709015,
    "hr_0072": 0.0093717,
    "hr_0073": 0.005597399999999999,
    "hr_0074": 0.0030467,
    "hr_0075": 0.030138150000000002,
    "hr_0076": 0.030899200000000005,
    "hr_0077": 0.01233425,
    "hr_0078": 0.0022849000000000003,
    "hr_0079": 0.0164101,
    "hr_0080": 0.0099927,
    "hr_0081": 0.013464799999999999,
    "hr_0082": 0.0074104,
    "hr_0083": 0.00283555,
    "hr_0084": 0.011023100000000001,
    "hr_0085": 0.0117608,
    "hr_0086": 0.0022657000000000003,
    "hr_0087": 0.00275875,
    "hr_0088": 0.013928600000000001,
    "hr_0089": 0.0029764,
    "hr_0090": 0.0002035,
    "hr_0091": 0.00920045,
    "hr_0092": 0.0216965,
    "hr_0093": 0.01800285,
    "hr_0094": 0.006301800000000001,
    "hr_0095": 0.02357375,
    "hr_0096": 0.00021270000000000002,
    "hr_0097": 0.00557525,
    "hr_0098": 0.0212208,
    "hr_0099": 0.013389400000000001,
    "hr_0100": 0.0002035,
    "hr_0101": 0.0036647500000000005,
    "hr_0102": 0.004714600000000001,
    "hr_0103": 0.0104195,
    "hr_0104": 0.00020950000000000002,
    "hr_0105": 0.01226565,
    "hr_0106": 0.0203529,
    "hr_0107": 0.0124953,
    "hr_0108": 0.0175205,
    "hr_0109": 0.012553150000000003,
    "hr_0110": 0.0051211,
    "hr_0111": 0.00830295,
    "hr_0112": 0.0062173,
    "hr_0113": 0.030979350000000003,
    "hr_0114": 0.0062673,
    "hr_0115": 0.01342535,
    "hr_0116": 0.0074495,
    "hr_0117": 0.013295350000000001,
    "hr_0118": 0.011369600000000002,
    "hr_0119": 0.01620175,
    "hr_0120": 0.0083144,
    "hr_0121": 0.0164888,
    "hr_0122": 0.01609,
    "hr_0123": 0.0130112,
    "hr_0124": 0.0021093,
    "hr_0125": 0.01744255,
    "hr_0126": 0.018915800000000003,
    "hr_0127": 0.00920935,
    "hr_0128": 0.022168300000000002,
    "hr_0129": 0.020051100000000002,
    "hr_0130": 0.0101534,
    "hr_0131": 0.009693350000000002,
    "hr_0132": 0.00020200000000000003,
    "hr_0133": 0.012404000000000002,
    "hr_0134": 0.013092100000000002,
    "hr_0135": 0.011401750000000002,
    "hr_0136": 0.0127248,
    "hr_0137": 0.021899300000000003,
    "hr_0138": 0.0085357,
    "hr_0139": 0.02115885,
    "hr_0140": 0.0002112,
    "hr_0141": 0.030494649999999998,
    "hr_0142": 0.009591200000000001,
    "hr_0143": 0.01129535,
    "hr_0144": 0.0276271,
    "hr_0145": 0.00443395,
    "hr_0146": 0.0217702,
    "hr_0147": 0.004598650000000001,
    "hr_0148": 0.0144284,
    "hr_0149": 0.01075655,
    "hr_0150": 0.0021205
  },
  "scenarios_run": 150,
  "scenarios_completed": 142,
  "extrapolation": {
    "mean_usd_per_scenario": 0.012765437323943665,
    "projected_200_usd": 2.553087464788733,
    "cap_usd": 45.0,
    "within_cap": true
  }
}