{
  "per_model_totals": {
    "moonshotai.kimi-k2.5": {
      "in": 186916,
      "out": 12853,
      "calls": 183
    },
    "qwen.qwen3-32b-v1:0": {
      "in": 4424552,
      "out": 81490,
      "calls": 718
    },
    "zai.glm-4.7": {
      "in": 148485,
      "out": 7002,
      "calls": 158
    }
  },
  "total_usd": 0.6678796,
  "per_scenario_usd": {
    "hr_0151": 0.01128225,
    "hr_0152": 0.007322700000000001,
    "hr_0153": 0.01401495,
    "hr_0154": 0.0351402,
    "hr_0155": 0.008222750000000001,
    "hr_0156": 0.0275889,
    "hr_0157": 0.02877605,
    "hr_0158": 0.008315300000000001,
    "hr_0159": 0.0156438,
    "hr_0160": 0.0064034,
    "hr_0161": 0.00272265,
    "hr_0162": 0.0001977,
    "hr_0163": 0.00811255,
    "hr_0164": 0.022748800000000003,
    "hr_0165": 0.026020500000000002,
    "hr_0166": 0.0185035,
    "hr_0167": 0.00855965,
    "hr_0168": 0.0165389,
    "hr_0169": 0.004663550000000001,
    "hr_0170": 0.0098706,
    "hr_0171": 0.013651700000000003,
    "hr_0172": 0.0090294,
    "hr_0173": 0.02150265,
    "hr_0174": 0.0106071,
    "hr_0175": 0.029769200000000003,
    "hr_0176": 0.0083155,
    "hr_0177": 0.014924050000000001,
    "hr_0178": 0.016438400000000002,
    "hr_0179": 0.012576200000000001,
    "hr_0180": 0.0068705,
    "hr_0181": 0.00817405,
    "hr_0182": 0.009123200000000001,
    "hr_0183": 0.0134757,
    "hr_0184": 0.0002035,
    "hr_0185": 0.02478855,
    "hr_0186": 0.0200771,
    "hr_0187": 0.022966900000000002,
    "hr_0188": 0.007300200000000001,
    "hr_0189": 0.01362565,
    "hr_0190": 0.0119456,
    "hr_0191": 0.0254635,
    "hr_0192": 0.0162407,
    "hr_0193": 0.00538855,
    "hr_0194": 0.0021392,
    "hr_0195": 0.018402650000000003,
    "hr_0196": 0.0027788,
    "hr_0197": 0.008733850000000001,
    "hr_0198": 0.0132746,
    "hr_0199": 0.0100222,
    "hr_0200": 0.009421700000000002
  },
  "scenarios_run": 50,
  "scenarios_completed": 48,
  "extrapolation": {
    "mean_usd_per_scenario": 0.013905800000000001,
    "projected_200_usd": 2.7811600000000003,
    "cap_usd": 45.0,
    "within_cap": true
  }
}