{
  "per_model_totals": {
    "moonshotai.kimi-k2.5": {
      "in": 348568,
      "out": 26261,
      "calls": 383
    },
    "qwen.qwen3-235b-a22b-2507-v1:0": {
      "in": 14884112,
      "out": 223250,
      "calls": 1897
    },
    "qwen.qwen3-32b-v1:0": {
      "in": 145879,
      "out": 8826,
      "calls": 152
    },
    "zai.glm-4.7": {
      "in": 364116,
      "out": 17953,
      "calls": 421
    }
  },
  "total_usd": 3.5500706,
  "per_scenario_usd": {
    "hr_0001": 0.016735100000000003,
    "hr_0002": 0.042440599999999995,
    "hr_0003": 0.00593515,
    "hr_0004": 0.0284917,
    "hr_0005": 0.09181125000000001,
    "hr_0006": 0.0180209,
    "hr_0007": 0.03544415000000001,
    "hr_0008": 0.0198798,
    "hr_0009": 0.0072227,
    "hr_0010": 0.0130883,
    "hr_0011": 0.00037125000000000005,
    "hr_0012": 0.0266492,
    "hr_0013": 0.05341925000000001,
    "hr_0014": 0.0340232,
    "hr_0015": 0.12313885000000001,
    "hr_0016": 0.0520803,
    "hr_0017": 0.020254750000000005,
    "hr_0018": 0.027101899999999998,
    "hr_0019": 0.02265565,
    "hr_0020": 0.026042400000000004,
    "hr_0021": 0.0063035999999999995,
    "hr_0022": 0.0404093,
    "hr_0023": 0.00276995,
    "hr_0024": 0.0024461,
    "hr_0025": 0.03427125,
    "hr_0026": 0.011225099999999998,
    "hr_0027": 0.03187960000000001,
    "hr_0028": 0.005792200000000001,
    "hr_0029": 0.019565500000000003,
    "hr_0030": 0.0375963,
    "hr_0031": 0.05427855000000001,
    "hr_0032": 0.028025700000000004,
    "hr_0033": 0.023418,
    "hr_0034": 0.08013390000000001,
    "hr_0035": 0.010425750000000001,
    "hr_0036": 0.0343841,
    "hr_0037": 0.0144296,
    "hr_0038": 0.011081,
    "hr_0039": 0.0042343,
    "hr_0040": 0.006886800000000001,
    "hr_0041": 0.014170650000000002,
    "hr_0042": 0.0169809,
    "hr_0043": 0.008043950000000001,
    "hr_0044": 0.00022000000000000003,
    "hr_0045": 0.02338905,
    "hr_0046": 0.0373804,
    "hr_0047": 0.03851054999999999,
    "hr_0048": 0.022529700000000003,
    "hr_0049": 0.0063417000000000005,
    "hr_0050": 0.0127656,
    "hr_0051": 0.07001315000000001,
    "hr_0052": 0.023819700000000003,
    "hr_0053": 0.01886065,
    "hr_0054": 0.16919820000000002,
    "hr_0055": 0.0056554000000000005,
    "hr_0056": 0.03207820000000001,
    "hr_0057": 0.0161319,
    "hr_0058": 0.00022000000000000003,
    "hr_0059": 0.01280905,
    "hr_0060": 0.013743100000000001,
    "hr_0061": 0.03988935,
    "hr_0062": 0.0142708,
    "hr_0063": 0.01361605,
    "hr_0064": 0.0217833,
    "hr_0065": 0.0540944,
    "hr_0066": 0.003699,
    "hr_0067": 0.00283765,
    "hr_0068": 0.0201707,
    "hr_0069": 0.0027114,
    "hr_0070": 0.0239708,
    "hr_0071": 0.01466775,
    "hr_0072": 0.015381600000000002,
    "hr_0073": 0.0055169,
    "hr_0074": 0.0070302,
    "hr_0075": 0.01267125,
    "hr_0076": 0.04396,
    "hr_0077": 0.019451350000000003,
    "hr_0078": 0.005266,
    "hr_0079": 0.018340300000000004,
    "hr_0080": 0.0036436000000000003,
    "hr_0081": 0.03711465,
    "hr_0082": 0.005647200000000001,
    "hr_0083": 0.00270665,
    "hr_0084": 0.0355567,
    "hr_0085": 0.0122872,
    "hr_0086": 0.027997300000000003,
    "hr_0087": 0.007690850000000001,
    "hr_0088": 0.0138632,
    "hr_0089": 0.0041339,
    "hr_0090": 0.00020800000000000001,
    "hr_0091": 0.014773250000000002,
    "hr_0092": 0.034886600000000004,
    "hr_0093": 0.045078349999999996,
    "hr_0094": 0.0400771,
    "hr_0095": 0.01917245,
    "hr_0096": 0.0036314000000000003,
    "hr_0097": 0.014757350000000002,
    "hr_0098": 0.03142060000000001,
    "hr_0099": 0.0244568,
    "hr_0100": 0.00020200000000000003,
    "hr_0101": 0.0124276,
    "hr_0102": 0.0022172000000000003,
    "hr_0103": 0.0056761,
    "hr_0104": 0.00020650000000000003,
    "hr_0105": 0.03022725,
    "hr_0106": 0.0381494,
    "hr_0107": 0.0122669,
    "hr_0108": 0.0209259,
    "hr_0109": 0.02170725,
    "hr_0110": 0.0116605,
    "hr_0111": 0.042200150000000006,
    "hr_0112": 0.0184891,
    "hr_0113": 0.07619075,
    "hr_0114": 0.021766900000000006,
    "hr_0115": 0.016575850000000003,
    "hr_0116": 0.0207091,
    "hr_0117": 0.04696485,
    "hr_0118": 0.0021992,
    "hr_0119": 0.02000565,
    "hr_0120": 0.0146928,
    "hr_0121": 0.0347041,
    "hr_0122": 0.0278372,
    "hr_0123": 0.0213365,
    "hr_0124": 0.0052324,
    "hr_0125": 0.03555465,
    "hr_0126": 0.0168557,
    "hr_0127": 0.010969750000000002,
    "hr_0128": 0.0650381,
    "hr_0129": 0.0317071,
    "hr_0130": 0.014104700000000001,
    "hr_0131": 0.09433855000000001,
    "hr_0132": 0.0002185,
    "hr_0133": 0.0186801,
    "hr_0134": 0.028530100000000003,
    "hr_0135": 0.013819850000000002,
    "hr_0136": 0.010681900000000001,
    "hr_0137": 0.046037650000000006,
    "hr_0138": 0.0243324,
    "hr_0139": 0.016387150000000003,
    "hr_0140": 0.0036373000000000004,
    "hr_0141": 0.0327915,
    "hr_0142": 0.0104533,
    "hr_0143": 0.00269665,
    "hr_0144": 0.0438279,
    "hr_0145": 0.01582425,
    "hr_0146": 0.040445300000000003,
    "hr_0147": 0.005690499999999999,
    "hr_0148": 0.0248238,
    "hr_0149": 0.028816450000000004,
    "hr_0150": 0.0035795
  },
  "scenarios_run": 150,
  "scenarios_completed": 141,
  "extrapolation": {
    "mean_usd_per_scenario": 0.02364166134751773,
    "projected_200_usd": 4.728332269503547,
    "cap_usd": 45.0,
    "within_cap": true
  }
}