{
  "per_model_totals": {
    "moonshotai.kimi-k2.5": {
      "in": 111806,
      "out": 8316,
      "calls": 125
    },
    "qwen.qwen3-235b-a22b-2507-v1:0": {
      "in": 4729879,
      "out": 73867,
      "calls": 644
    },
    "qwen.qwen3-32b-v1:0": {
      "in": 59385,
      "out": 3806,
      "calls": 62
    },
    "zai.glm-4.7": {
      "in": 147354,
      "out": 6498,
      "calls": 145
    }
  },
  "total_usd": 1.1458534,
  "per_scenario_usd": {
    "hr_0151": 0.032132799999999996,
    "hr_0152": 0.0002035,
    "hr_0153": 0.030465950000000002,
    "hr_0154": 0.047449200000000004,
    "hr_0155": 0.011139050000000001,
    "hr_0156": 0.060707399999999995,
    "hr_0157": 0.0125622,
    "hr_0158": 0.016755100000000002,
    "hr_0159": 0.0494373,
    "hr_0160": 0.034079500000000006,
    "hr_0161": 0.007157150000000001,
    "hr_0162": 0.0001962,
    "hr_0163": 0.02329265,
    "hr_0164": 0.03575299999999999,
    "hr_0165": 0.017548849999999998,
    "hr_0166": 0.0322355,
    "hr_0167": 0.023278800000000002,
    "hr_0168": 0.039414,
    "hr_0169": 0.025452650000000004,
    "hr_0170": 0.013296200000000001,
    "hr_0171": 0.013743100000000001,
    "hr_0172": 0.0143488,
    "hr_0173": 0.04232975,
    "hr_0174": 0.0200769,
    "hr_0175": 0.022309000000000002,
    "hr_0176": 0.0158746,
    "hr_0177": 0.018451600000000002,
    "hr_0178": 0.018126899999999998,
    "hr_0179": 0.01466845,
    "hr_0180": 0.0175634,
    "hr_0181": 0.02316295,
    "hr_0182": 0.0164461,
    "hr_0183": 0.015451900000000001,
    "hr_0184": 0.000199,
    "hr_0185": 0.016244450000000004,
    "hr_0186": 0.021502300000000002,
    "hr_0187": 0.0403156,
    "hr_0188": 0.0093674,
    "hr_0189": 0.00720365,
    "hr_0190": 0.025180900000000003,
    "hr_0191": 0.021057850000000003,
    "hr_0192": 0.1023674,
    "hr_0193": 0.009446699999999999,
    "hr_0194": 0.005216600000000001,
    "hr_0195": 0.06046535000000001,
    "hr_0196": 0.0101867,
    "hr_0197": 0.0041985500000000005,
    "hr_0198": 0.036315,
    "hr_0199": 0.004554600000000001,
    "hr_0200": 0.006920900000000001
  },
  "scenarios_run": 50,
  "scenarios_completed": 45,
  "extrapolation": {
    "mean_usd_per_scenario": 0.023633576666666666,
    "projected_200_usd": 4.726715333333333,
    "cap_usd": 45.0,
    "within_cap": true
  }
}