{
  "per_model_totals": {
    "moonshotai.kimi-k2.5": {
      "in": 46429,
      "out": 3468,
      "calls": 47
    },
    "qwen.qwen3-235b-a22b-2507-v1:0": {
      "in": 1143606,
      "out": 23441,
      "calls": 176
    },
    "qwen.qwen3-32b-v1:0": {
      "in": 17319,
      "out": 883,
      "calls": 18
    },
    "zai.glm-4.7": {
      "in": 52103,
      "out": 2156,
      "calls": 48
    }
  },
  "total_usd": 0.30202335,
  "per_scenario_usd": {
    "pf_0001": 0.023137150000000002,
    "pf_0002": 0.013605600000000002,
    "pf_0003": 0.03871220000000001,
    "pf_0004": 0.0052814,
    "pf_0005": 0.011816450000000001,
    "pf_0006": 0.051725600000000004,
    "pf_0007": 0.022119750000000004,
    "pf_0008": 0.0416018,
    "pf_0009": 0.008151950000000002,
    "pf_0010": 0.017511000000000006,
    "pf_0011": 0.027324550000000003,
    "pf_0012": 0.025952700000000002,
    "pf_0013": 0.015083200000000001
  },
  "scenarios_run": 13,
  "scenarios_completed": 13,
  "extrapolation": {
    "mean_usd_per_scenario": 0.023232565384615385,
    "projected_200_usd": 4.646513076923077,
    "cap_usd": 45.0,
    "within_cap": true
  }
}